1,John,Doe,098 Main St,john@gmail.com,555-555-5555
2,Jane,Doe,098 Main St,jane@gmail.com,987-987-9877
3,Ryan,Smith,123 Archer Rd,ryan@gmail.com,654-654-6544

6,Ryan,Merritt,123 Main St,ryan@gmail.com,555-123-4564
8,Ryan,Merritt,123 Main St,ryan@gmail.com,555-123-4567
7,Ryan,Merritt,123 Main St,Ryan@gmail.com,987-654-3211
10,Ryan,Merritt,987 Main St,ryan@gmail.com,3058986532
15,Ryan,Merritt,654 Main St,ryan@gmail.com,305-898-7845
20,Ryan,Merritt,123 Main St,ryan@gmail.com,987-654-3111
25,Ryan,Merritt,123 Main St,ryan@gmail.com,987-654-3111
30,Ryan,Merritt,321 Main St,ryan@gmail.com,987-654-3211
45,Ryan,Merritt,987 Main St,ryan@gmail.com,987-654-6544
99,Ryan,Merritt,987 Main St,ryan@gmail.com,987-654-3211
101,Ryan,Merritt,321 Main St,ryan@gmail.com,987-654-3211
150,Ryan,Merritt,987 Main St,ryan@gmail.com,987-654-3122
